{"v":5,"entries":{"起步--docs":{"id":"起步--docs","title":"起步","name":"Docs","importPath":"./src/stories/Configure.mdx","storiesImports":[],"type":"docs","tags":["dev","test","unattached-mdx"]},"olmap-cluster--docs":{"id":"olmap-cluster--docs","title":"OlMap/Cluster","name":"Docs","importPath":"./src/stories/OlCluster.mdx","storiesImports":["./src/stories/OlCluster.stories.ts"],"type":"docs","tags":["dev","test","attached-mdx"]},"olmap-config--docs":{"id":"olmap-config--docs","title":"OlMap/Config","name":"Docs","importPath":"./src/stories/OlConfig.mdx","storiesImports":["./src/stories/OlConfig.stories.ts"],"type":"docs","tags":["dev","test","attached-mdx"]},"olmap-feature--docs":{"id":"olmap-feature--docs","title":"OlMap/Feature","name":"Docs","importPath":"./src/stories/OlFeature.mdx","storiesImports":["./src/stories/OlFeature.stories.ts"],"type":"docs","tags":["dev","test","attached-mdx"]},"olmap-overlay--docs":{"id":"olmap-overlay--docs","title":"OlMap/Overlay","name":"Docs","importPath":"./src/stories/OlOverlay.mdx","storiesImports":["./src/stories/OlOverlay.stories.ts"],"type":"docs","tags":["dev","test","attached-mdx"]},"olmap-tile--docs":{"id":"olmap-tile--docs","title":"OlMap/Tile","name":"Docs","importPath":"./src/stories/OlTile.mdx","storiesImports":["./src/stories/OlTile.stories.ts"],"type":"docs","tags":["dev","test","attached-mdx"]},"olmap-vector--docs":{"id":"olmap-vector--docs","title":"OlMap/Vector","name":"Docs","importPath":"./src/stories/OlVector.mdx","storiesImports":["./src/stories/OlVector.stories.ts"],"type":"docs","tags":["dev","test","attached-mdx"]},"olmap-cluster--default":{"type":"story","id":"olmap-cluster--default","name":"Default","title":"OlMap/Cluster","importPath":"./src/stories/OlCluster.stories.ts","componentPath":"./src/packages/index.ts","tags":["test"]},"olmap-config--default":{"type":"story","id":"olmap-config--default","name":"Default","title":"OlMap/Config","importPath":"./src/stories/OlConfig.stories.ts","componentPath":"./src/packages/index.ts","tags":["test"]},"olmap-feature--default":{"type":"story","id":"olmap-feature--default","name":"Default","title":"OlMap/Feature","importPath":"./src/stories/OlFeature.stories.ts","componentPath":"./src/packages/index.ts","tags":["test"]},"olmap-feature--geo-json":{"type":"story","id":"olmap-feature--geo-json","name":"Geo Json","title":"OlMap/Feature","importPath":"./src/stories/OlFeature.stories.ts","componentPath":"./src/packages/index.ts","tags":["test"]},"olmap-feature--geometries":{"type":"story","id":"olmap-feature--geometries","name":"Geometries","title":"OlMap/Feature","importPath":"./src/stories/OlFeature.stories.ts","componentPath":"./src/packages/index.ts","tags":["test"]},"olmap-map--docs":{"id":"olmap-map--docs","title":"OlMap/Map","name":"Docs","importPath":"./src/stories/OlMap.stories.ts","type":"docs","tags":["test","autodocs"],"storiesImports":[]},"olmap-map--default":{"type":"story","id":"olmap-map--default","name":"Default","title":"OlMap/Map","importPath":"./src/stories/OlMap.stories.ts","componentPath":"./src/packages","tags":["test","autodocs"]},"olmap-overlay--default":{"type":"story","id":"olmap-overlay--default","name":"Default","title":"OlMap/Overlay","importPath":"./src/stories/OlOverlay.stories.ts","componentPath":"./src/packages/index.ts","tags":["test"]},"olmap-tile--default":{"type":"story","id":"olmap-tile--default","name":"Default","title":"OlMap/Tile","importPath":"./src/stories/OlTile.stories.ts","componentPath":"./src/packages","tags":["test"]},"olmap-tile--xyz":{"type":"story","id":"olmap-tile--xyz","name":"XYZ","title":"OlMap/Tile","importPath":"./src/stories/OlTile.stories.ts","componentPath":"./src/packages","tags":["test"]},"olmap-tile--switch":{"type":"story","id":"olmap-tile--switch","name":"Switch","title":"OlMap/Tile","importPath":"./src/stories/OlTile.stories.ts","componentPath":"./src/packages","tags":["test"]},"olmap-vector--default":{"type":"story","id":"olmap-vector--default","name":"Default","title":"OlMap/Vector","importPath":"./src/stories/OlVector.stories.ts","componentPath":"./src/packages/index.ts","tags":["test"]}}}